/* -----------------------------------------------------------------------
Insert BASE de DONNEES : Sae_BDD
Version : 1.0
Auteur : Rayan Chouchane, Hamidi Yassine, Hugo Cohen
Date création : 24/03/2022
------------------------------------------------------------------------- */
INSERT INTO Criteres(Id_Critere, Nom_Critere)
VALUES
	(1, 'hosp_patients'),
	(2, 'new_tests'),
	(3, 'total_tests'),
	(4, 'total_cases_per_million'),
	(5, 'new_cases_per_million'),
	(6, 'new_cases_smoothed_per_million'),
	(7, 'new_cases_smoothed'),
	(8, 'new_cases'),
	(9, 'total_cases');


INSERT INTO Continents(Iso_Continent, Nom_Continent)
VALUES
	('EU', 'Europe'), 
	('AS', 'Asie');


INSERT INTO Pays(Iso_Pays, Nom_Pays, Nombre_Habitants,  Iso_Continent)
VALUES
	('ALB', 'Albania', 3088385, 'EU'), 
	('AND', 'Andora', 77265, 'EU'),
	('AUT', 'Austria', 8859449, 'EU'), 
	('FRA', 'France', 68014000, 'EU'), 
	('RUS', 'Russia', 146170015 , 'EU'), 
	('YEM', 'Yemen', 29830000 , 'AS'), 
	('JAP', 'Japon', 125800000 , 'AS'), 
	('CH', 'Chine', 1402000000 , 'AS'), 
	('HUN', 'Hongrie', 9634162, 'EU'),
	('ARM', 'Armenie', 2963000 , 'AS');




INSERT INTO CritereContinent(Iso_Continent, Id_Critere, Date_Valeur, Valeur)
VALUES

	--Pas de criteres (1,2,3) pour l'Europe données non fournit

	/*Critères 4 */

 ('EU',4,'01/01/2021',32162.772),
 ('EU',4,'02/01/2021',32375.966),
 ('EU',4,'03/01/2021',32601.125),
 ('EU',4,'04/01/2021',32873.167),
 ('EU',4,'05/01/2021',33250.996),
 ('EU',4,'06/01/2021',33618.739),
 ('EU',4,'07/01/2021',34048.27),
 ('EU',4,'08/01/2021',34422.074),
 ('EU',4,'09/01/2021',34731.34),
 ('EU',4,'10/01/2021',34978.053),
 ('EU',4,'11/01/2021',35263.226),
 ('EU',4,'12/01/2021',35584.426),
 ('EU',4,'13/01/2021',35939.097),
 ('EU',4,'14/01/2021',36285.952),
 ('EU',4,'15/01/2021',36616.637),
 ('EU',4,'16/01/2021',36866.899),
 ('EU',4,'17/01/2021',37076.511),
 ('EU',4,'18/01/2021',37358.048),
 ('EU',4,'19/01/2021',37633.429),
 ('EU',4,'20/01/2021',37967.999),
 ('EU',4,'21/01/2021',38271.396),
 ('EU',4,'22/01/2021',38582.586),
 ('EU',4,'23/01/2021',38812.61),
 ('EU',4,'24/01/2021',39007.553),
 ('EU',4,'25/01/2021',39272.2),
 ('EU',4,'26/01/2021',39515.184),
 ('EU',4,'27/01/2021',39807.42),
 ('EU',4,'28/01/2021',40090.219),
 ('EU',4,'29/01/2021',40365.406),
 ('EU',4,'30/01/2021',40576.937),
 ('EU',4,'31/01/2021',40737.712),
 ('EU',4,'01/02/2021',40969.477),
 ('EU',4,'02/02/2021',41187.336),
 ('EU',4,'03/02/2021',41441.166),
 ('EU',4,'04/02/2021',41657.175),
 ('EU',4,'05/02/2021',41923.706),
 ('EU',4,'06/02/2021',42102.14),
 ('EU',4,'07/02/2021',42254.853),
 ('EU',4,'08/02/2021',42427.28),
 ('EU',4,'09/02/2021',42604.618),
 ('EU',4,'10/02/2021',42816.789),


/*Critères 5 */

 ('EU',5,'01/01/2021',305.046),
 ('EU',5,'02/01/2021',213.193),
 ('EU',5,'03/01/2021',225.159),
 ('EU',5,'04/01/2021',272.041),
 ('EU',5,'05/01/2021',377.829),
 ('EU',5,'06/01/2021',367.743),
 ('EU',5,'07/01/2021',429.531),
 ('EU',5,'08/01/2021',373.804),
 ('EU',5,'09/01/2021',309.266),
 ('EU',5,'10/01/2021',246.713),
 ('EU',5,'11/01/2021',285.173),
 ('EU',5,'12/01/2021',321.2),
 ('EU',5,'13/01/2021',354.67),
 ('EU',5,'14/01/2021',346.856),
 ('EU',5,'15/01/2021',330.685),
 ('EU',5,'16/01/2021',250.262),
 ('EU',5,'17/01/2021',209.611),
 ('EU',5,'18/01/2021',281.537),
 ('EU',5,'19/01/2021',275.381),
 ('EU',5,'20/01/2021',334.571),
 ('EU',5,'21/01/2021',303.397),
 ('EU',5,'22/01/2021',311.19),
 ('EU',5,'23/01/2021',230.023),
 ('EU',5,'24/01/2021',194.943),
 ('EU',5,'25/01/2021',264.647),
 ('EU',5,'26/01/2021',242.984),
 ('EU',5,'27/01/2021',292.236),
 ('EU',5,'28/01/2021',282.799),
 ('EU',5,'29/01/2021',275.187),
 ('EU',5,'30/01/2021',211.531),
 ('EU',5,'31/01/2021',160.774),
 ('EU',5,'01/02/2021',231.766),
 ('EU',5,'02/02/2021',217.859),
 ('EU',5,'03/02/2021',253.83),
 ('EU',5,'04/02/2021',216.009),
 ('EU',5,'05/02/2021',266.531),
 ('EU',5,'06/02/2021',178.433),
 ('EU',5,'07/02/2021',152.714),
 ('EU',5,'08/02/2021',172.426),
 ('EU',5,'09/02/2021',177.339),
 ('EU',5,'10/02/2021',212.171),

/*Critères 6 */



  ('EU',6,'01/01/2021',284.637),
 ('EU',6,'02/01/2021',288.02),
 ('EU',6,'03/01/2021',294.747),
 ('EU',6,'04/01/2021',300.752),
 ('EU',6,'05/01/2021',306.928),
 ('EU',6,'06/01/2021',305.008),
 ('EU',6,'07/01/2021',312.935),
 ('EU',6,'08/01/2021',322.757),
 ('EU',6,'09/01/2021',336.482),
 ('EU',6,'10/01/2021',339.561),
 ('EU',6,'11/01/2021',341.437),
 ('EU',6,'12/01/2021',333.347),
 ('EU',6,'13/01/2021',331.48),
 ('EU',6,'14/01/2021',319.669),
 ('EU',6,'15/01/2021',313.509),
 ('EU',6,'16/01/2021',305.08),
 ('EU',6,'17/01/2021',299.78),
 ('EU',6,'18/01/2021',299.26),
 ('EU',6,'19/01/2021',292.715),
 ('EU',6,'20/01/2021',289.843),
 ('EU',6,'21/01/2021',283.635),
 ('EU',6,'22/01/2021',280.85),
 ('EU',6,'23/01/2021',277.959),
 ('EU',6,'24/01/2021',275.863),
 ('EU',6,'25/01/2021',273.45),
 ('EU',6,'26/01/2021',268.822),
 ('EU',6,'27/01/2021',262.774),
 ('EU',6,'28/01/2021',259.832),
 ('EU',6,'29/01/2021',254.689),
 ('EU',6,'30/01/2021',252.047),
 ('EU',6,'31/01/2021',247.166),
 ('EU',6,'01/02/2021',242.468),
 ('EU',6,'02/02/2021',238.879),
 ('EU',6,'03/02/2021',233.392),
 ('EU',6,'04/02/2021',223.851),
 ('EU',6,'05/02/2021',222.614),
 ('EU',6,'06/02/2021',217.886),
 ('EU',6,'07/02/2021',216.735),
 ('EU',6,'08/02/2021',208.257),
 ('EU',6,'09/02/2021',202.469),
 ('EU',6,'10/02/2021',196.518),
 
 /*Critere 7*/
 ('AS',7,'01/01/2021',97914.714),
 ('AS',7,'02/01/2021',96755.429),
 ('AS',7,'03/01/2021',95472.286),
 ('AS',7,'04/01/2021',94545.143),
 ('AS',7,'05/01/2021',93862.714),
 ('AS',7,'06/01/2021',93427),
 ('AS',7,'07/01/2021',92301.143),
 ('AS',7,'08/01/2021',91417.143),
 ('AS',7,'09/01/2021',90027.143),
 ('AS',7,'10/01/2021',89168),
 ('AS',7,'11/01/2021',88434.429),
 ('AS',7,'12/01/2021',87881.714),
 ('AS',7,'13/01/2021',87091.143),
 ('AS',7,'14/01/2021',86823.286),
 ('AS',7,'15/01/2021',87162.571),
 ('AS',7,'16/01/2021',88660.143),
 ('AS',7,'17/01/2021',89837.143),
 ('AS',7,'18/01/2021',90420.143),
 ('AS',7,'19/01/2021',90893),
 ('AS',7,'20/01/2021',92257.857),
 ('AS',7,'21/01/2021',93250),
 ('AS',7,'22/01/2021',94280),
 ('AS',7,'23/01/2021',94633.714),
 ('AS',7,'24/01/2021',94976.429),
 ('AS',7,'25/01/2021',95501),
 ('AS',7,'26/01/2021',95875.857),
 ('AS',7,'27/01/2021',95575.714),
 ('AS',7,'28/01/2021',95632.857),
 ('AS',7,'29/01/2021',93774.571),
 ('AS',7,'30/01/2021',93079.286),
 ('AS',7,'31/01/2021',92912),
 ('AS',7,'01/02/2021',93735.857),
 ('AS',7,'02/02/2021',94854.143),
 ('AS',7,'03/02/2021',96159.286),
 ('AS',7,'04/02/2021',97522.857),
 ('AS',7,'05/02/2021',100831.429),
 ('AS',7,'06/02/2021',103129),
 ('AS',7,'07/02/2021',104999.714),
 ('AS',7,'08/02/2021',105434.143),
 ('AS',7,'09/02/2021',109932.143),
 ('AS',7,'10/02/2021',115288.143),
 
 /*Critere 8*/
 ('AS',8,'01/01/2021',104791),
 ('AS',8,'02/01/2021',101844),
 ('AS',8,'03/01/2021',100643),
 ('AS',8,'04/01/2021',96564),
 ('AS',8,'05/01/2021',91333),
 ('AS',8,'06/01/2021',82339),
 ('AS',8,'07/01/2021',90792),
 ('AS',8,'08/01/2021',98301),
 ('AS',8,'09/01/2021',97067),
 ('AS',8,'10/01/2021',97593),
 ('AS',8,'11/01/2021',88683),
 ('AS',8,'12/01/2021',85145),
 ('AS',8,'13/01/2021',72609),
 ('AS',8,'14/01/2021',84778),
 ('AS',8,'15/01/2021',93166),
 ('AS',8,'16/01/2021',93198),
 ('AS',8,'17/01/2021',92059),
 ('AS',8,'18/01/2021',86808),
 ('AS',8,'19/01/2021',87520),
 ('AS',8,'20/01/2021',83092),
 ('AS',8,'21/01/2021',93017),
 ('AS',8,'22/01/2021',97247),
 ('AS',8,'23/01/2021',96508),
 ('AS',8,'24/01/2021',101613),
 ('AS',8,'25/01/2021',93753),
 ('AS',8,'26/01/2021',94730),
 ('AS',8,'27/01/2021',85568),
 ('AS',8,'28/01/2021',95416),
 ('AS',8,'29/01/2021',100919),
 ('AS',8,'30/01/2021',99132),
 ('AS',8,'31/01/2021',99512),
 ('AS',8,'01/02/2021',94153),
 ('AS',8,'02/02/2021',81722),
 ('AS',8,'03/02/2021',80701),
 ('AS',8,'04/02/2021',94245),
 ('AS',8,'05/02/2021',106686),
 ('AS',8,'06/02/2021',106960),
 ('AS',8,'07/02/2021',108648),
 ('AS',8,'08/02/2021',103698),
 ('AS',8,'09/02/2021',104882),
 ('AS',8,'10/02/2021',96784),
 
 /*Critere 9*/
  ('AS',9,'01/01/2021',12161560),
 ('AS',9,'02/01/2021',12263404),
 ('AS',9,'03/01/2021',12364047),
 ('AS',9,'04/01/2021',12460611),
 ('AS',9,'05/01/2021',12551944),
 ('AS',9,'06/01/2021',12634283),
 ('AS',9,'07/01/2021',12725075),
 ('AS',9,'08/01/2021',12823376),
 ('AS',9,'09/01/2021',12920443),
 ('AS',9,'10/01/2021',13018036),
 ('AS',9,'11/01/2021',13106719),
 ('AS',9,'12/01/2021',13191864),
 ('AS',9,'13/01/2021',13264473),
 ('AS',9,'14/01/2021',13349251),
 ('AS',9,'15/01/2021',13442417),
 ('AS',9,'16/01/2021',13535615),
 ('AS',9,'17/01/2021',13627674),
 ('AS',9,'18/01/2021',13714482),
 ('AS',9,'19/01/2021',13802002),
 ('AS',9,'20/01/2021',13885094),
 ('AS',9,'21/01/2021',13978111),
 ('AS',9,'22/01/2021',14075358),
 ('AS',9,'23/01/2021',14171866),
 ('AS',9,'24/01/2021',14273479),
 ('AS',9,'25/01/2021',14367232),
 ('AS',9,'26/01/2021',14461962),
 ('AS',9,'27/01/2021',14547530),
 ('AS',9,'28/01/2021',14642946),
 ('AS',9,'29/01/2021',14743865),
 ('AS',9,'30/01/2021',14842997),
 ('AS',9,'31/01/2021',14942509),
 ('AS',9,'01/02/2021',15036662),
 ('AS',9,'02/02/2021',15118384),
 ('AS',9,'03/02/2021',15199085),
 ('AS',9,'04/02/2021',15293330),
 ('AS',9,'05/02/2021',15400016),
 ('AS',9,'06/02/2021',15506976),
 ('AS',9,'07/02/2021',15615624),
 ('AS',9,'08/02/2021',15719322),
 ('AS',9,'09/02/2021',15824204),
 ('AS',9,'10/02/2021',15920988);


INSERT INTO CriterePays(Iso_Pays, Id_Critere, Date_Valeur, Valeur)
VALUES

/******************************************** Critere Hongrie ******************************************/

	/*Critères 1 */

	('HUN',1,'01/01/2021',5648),
	('HUN',1,'02/01/2021',5529),
	('HUN',1,'03/01/2021',5619),
	('HUN',1,'04/01/2021',5667),
	('HUN',1,'05/01/2021',5760),
	('HUN',1,'06/01/2021',5646),
	('HUN',1,'07/01/2021',5387),
	('HUN',1,'08/01/2021',5297),
	('HUN',1,'09/01/2021',5126),
	('HUN',1,'10/01/2021',4980),
	('HUN',1,'11/01/2021',5065),
	('HUN',1,'12/01/2021',5005),
	('HUN',1,'13/01/2021',4870),
	('HUN',1,'14/01/2021',4689),
	('HUN',1,'15/01/2021',4600),
	('HUN',1,'16/01/2021',4408),
	('HUN',1,'17/01/2021',4345),
	('HUN',1,'18/01/2021',4445),
	('HUN',1,'19/01/2021',4445),
	('HUN',1,'20/01/2021',4218),
	('HUN',1,'21/01/2021',4049),
	('HUN',1,'22/01/2021',3959),
	('HUN',1,'23/01/2021',3854),
	('HUN',1,'24/01/2021',3793),
	('HUN',1,'25/01/2021',3814),
	('HUN',1,'26/01/2021',3815),
	('HUN',1,'27/01/2021',3809),
	('HUN',1,'28/01/2021',3669),
	('HUN',1,'29/01/2021',3649),
	('HUN',1,'30/01/2021',3582),
	('HUN',1,'31/01/2021',3562),
	('HUN',1,'01/02/2021',3682),
	('HUN',1,'02/02/2021',3729),
	('HUN',1,'03/02/2021',3697),
	('HUN',1,'04/02/2021',3648),
	('HUN',1,'05/02/2021',3638),
	('HUN',1,'06/02/2021',3601),
	('HUN',1,'07/02/2021',3578),
	('HUN',1,'08/02/2021',3717),
	('HUN',1,'09/02/2021',3792),
	('HUN',1,'10/02/2021',3747),

	/*Critères 2 */

	('HUN',2,'01/01/2021',18128),
	('HUN',2,'02/01/2021',10697),
	('HUN',2,'03/01/2021',5960),
	('HUN',2,'04/01/2021',8727),
	('HUN',2,'05/01/2021',6521),
	('HUN',2,'06/01/2021',22729),
	('HUN',2,'07/01/2021',24290),
	('HUN',2,'08/01/2021',24024),
	('HUN',2,'09/01/2021',21823),
	('HUN',2,'10/01/2021',19262),
	('HUN',2,'11/01/2021',12567),
	('HUN',2,'12/01/2021',8223),
	('HUN',2,'13/01/2021',18550),
	('HUN',2,'14/01/2021',19634),
	('HUN',2,'15/01/2021',19098),
	('HUN',2,'16/01/2021',18339),
	('HUN',2,'17/01/2021',17275),
	('HUN',2,'18/01/2021',9903),
	('HUN',2,'19/01/2021',5130),
	('HUN',2,'20/01/2021',16005),
	('HUN',2,'21/01/2021',15577),
	('HUN',2,'22/01/2021',18064),
	('HUN',2,'23/01/2021',17238),
	('HUN',2,'24/01/2021',16441),
	('HUN',2,'25/01/2021',10064),
	('HUN',2,'26/01/2021',5531),
	('HUN',2,'27/01/2021',17053),
	('HUN',2,'28/01/2021',13093),
	('HUN',2,'29/01/2021',18975),
	('HUN',2,'30/01/2021',21362),
	('HUN',2,'31/01/2021',20142),
	('HUN',2,'01/02/2021',10862),
	('HUN',2,'02/02/2021',7794),
	('HUN',2,'03/02/2021',15434),
	('HUN',2,'04/02/2021',18171),
	('HUN',2,'05/02/2021',18693),
	('HUN',2,'06/02/2021',17596),
	('HUN',2,'07/02/2021',19024),
	('HUN',2,'08/02/2021',9720),
	('HUN',2,'09/02/2021',6410),
	('HUN',2,'10/02/2021',16822),

	/*Critères 3 */

	('HUN',3,'01/01/2021',2245155),
	('HUN',3,'02/01/2021',2255852),
	('HUN',3,'03/01/2021',2261812),
	('HUN',3,'04/01/2021',2270539),
	('HUN',3,'05/01/2021',2277060),
	('HUN',3,'06/01/2021',2299789),
	('HUN',3,'07/01/2021',2324079),
	('HUN',3,'08/01/2021',2348103),
	('HUN',3,'09/01/2021',2369926),
	('HUN',3,'10/01/2021',2389188),
	('HUN',3,'11/01/2021',2401755),
	('HUN',3,'12/01/2021',2409978),
	('HUN',3,'13/01/2021',2428528),
	('HUN',3,'14/01/2021',2448162),
	('HUN',3,'15/01/2021',2467260),
	('HUN',3,'16/01/2021',2485599),
	('HUN',3,'17/01/2021',2502874),
	('HUN',3,'18/01/2021',2512777),
	('HUN',3,'19/01/2021',2517907),
	('HUN',3,'20/01/2021',2533912),
	('HUN',3,'21/01/2021',2549489),
	('HUN',3,'22/01/2021',2567553),
	('HUN',3,'23/01/2021',2584791),
	('HUN',3,'24/01/2021',2601232),
	('HUN',3,'25/01/2021',2611296),
	('HUN',3,'26/01/2021',2616827),
	('HUN',3,'27/01/2021',2633880),
	('HUN',3,'28/01/2021',2646973),
	('HUN',3,'29/01/2021',2665948),
	('HUN',3,'30/01/2021',2687310),
	('HUN',3,'31/01/2021',2707452),
	('HUN',3,'01/02/2021',2718314),
	('HUN',3,'02/02/2021',2726108),
	('HUN',3,'03/02/2021',2741542),
	('HUN',3,'04/02/2021',2759713),
	('HUN',3,'05/02/2021',2778406),
	('HUN',3,'06/02/2021',2796002),
	('HUN',3,'07/02/2021',2815026),
	('HUN',3,'08/02/2021',2824746),
	('HUN',3,'09/02/2021',2831156),
	('HUN',3,'10/02/2021',2847978),

/*Critères 4 */

 ('ALB',4,'01/01/2021',20298.413),
 ('ALB',4,'02/01/2021',20533.364),
 ('ALB',4,'03/01/2021',20688.954),
 ('ALB',4,'04/01/2021',20753.348),
 ('ALB',4,'05/01/2021',20983.079),
 ('ALB',4,'06/01/2021',21235.434),
 ('ALB',4,'07/01/2021',21478.043),
 ('ALB',4,'08/01/2021',21712.298),
 ('ALB',4,'09/01/2021',21940.288),
 ('ALB',4,'10/01/2021',22135.907),
 ('ALB',4,'11/01/2021',22266.784),
 ('ALB',4,'12/01/2021',22495.122),
 ('ALB',4,'13/01/2021',22741.212),
 ('ALB',4,'14/01/2021',22970.942),
 ('ALB',4,'15/01/2021',23194.059),
 ('ALB',4,'16/01/2021',23396.291),
 ('ALB',4,'17/01/2021',23561.279),
 ('ALB',4,'18/01/2021',23662.917),
 ('ALB',4,'19/01/2021',23866.89),
 ('ALB',4,'20/01/2021',24100.101),
 ('ALB',4,'21/01/2021',24336.097),
 ('ALB',4,'22/01/2021',24593.325),
 ('ALB',4,'23/01/2021',24866.913),
 ('ALB',4,'24/01/2021',25156.861),
 ('ALB',4,'25/01/2021',25344.126),
 ('ALB',4,'26/01/2021',25650.085),
 ('ALB',4,'27/01/2021',25954.999),
 ('ALB',4,'28/01/2021',26263.743),
 ('ALB',4,'29/01/2021',26575.619),
 ('ALB',4,'30/01/2021',26889.236),
 ('ALB',4,'31/01/2021',27194.151),
 ('ALB',4,'01/02/2021',27495.237),
 ('ALB',4,'02/02/2021',27823.124),
 ('ALB',4,'03/02/2021',28173.637),
 ('ALB',4,'04/02/2021',28539.813),
 ('ALB',4,'05/02/2021',28918.868),
 ('ALB',4,'06/02/2021',29312.194),
 ('ALB',4,'07/02/2021',29703.432),
 ('ALB',4,'08/02/2021',30035.149),
 ('ALB',4,'09/02/2021',30466.415),
 ('ALB',4,'10/02/2021',30864.266),


/*Critères 5 */

 ('ALB',5,'01/01/2021',0),
 ('ALB',5,'02/01/2021',234.951),
 ('ALB',5,'03/01/2021',155.59),
 ('ALB',5,'04/01/2021',64.394),
 ('ALB',5,'05/01/2021',229.73),
 ('ALB',5,'06/01/2021',252.355),
 ('ALB',5,'07/01/2021',242.609),
 ('ALB',5,'08/01/2021',234.255),
 ('ALB',5,'09/01/2021',227.99),
 ('ALB',5,'10/01/2021',195.619),
 ('ALB',5,'11/01/2021',130.877),
 ('ALB',5,'12/01/2021',228.338),
 ('ALB',5,'13/01/2021',246.09),
 ('ALB',5,'14/01/2021',229.73),
 ('ALB',5,'15/01/2021',223.117),
 ('ALB',5,'16/01/2021',202.232),
 ('ALB',5,'17/01/2021',164.988),
 ('ALB',5,'18/01/2021',101.638),
 ('ALB',5,'19/01/2021',203.973),
 ('ALB',5,'20/01/2021',233.211),
 ('ALB',5,'21/01/2021',235.996),
 ('ALB',5,'22/01/2021',257.228),
 ('ALB',5,'23/01/2021',273.588),
 ('ALB',5,'24/01/2021',289.947),
 ('ALB',5,'25/01/2021',187.265),
 ('ALB',5,'26/01/2021',305.959),
 ('ALB',5,'27/01/2021',304.915),
 ('ALB',5,'28/01/2021',308.744),
 ('ALB',5,'29/01/2021',311.876),
 ('ALB',5,'30/01/2021',313.617),
 ('ALB',5,'31/01/2021',304.915),
 ('ALB',5,'01/02/2021',301.086),
 ('ALB',5,'02/02/2021',327.888),
 ('ALB',5,'03/02/2021',350.513),
 ('ALB',5,'04/02/2021',366.176),
 ('ALB',5,'05/02/2021',379.055),
 ('ALB',5,'06/02/2021',393.326),
 ('ALB',5,'07/02/2021',391.238),
 ('ALB',5,'08/02/2021',331.717),
 ('ALB',5,'09/02/2021',431.266),
 ('ALB',5,'10/02/2021',397.851),




/*Critères 6 */



 ('ALB',6,'01/01/2021',145.993),
 ('ALB',6,'02/01/2021',160.911),
 ('ALB',6,'03/01/2021',158.325),
 ('ALB',6,'04/01/2021',151.712),
 ('ALB',6,'05/01/2021',155.988),
 ('ALB',6,'06/01/2021',163.148),
 ('ALB',6,'07/01/2021',168.519),
 ('ALB',6,'08/01/2021',201.984),
 ('ALB',6,'09/01/2021',200.989),
 ('ALB',6,'10/01/2021',206.708),
 ('ALB',6,'11/01/2021',216.205),
 ('ALB',6,'12/01/2021',216.006),
 ('ALB',6,'13/01/2021',215.111),
 ('ALB',6,'14/01/2021',213.271),
 ('ALB',6,'15/01/2021',211.68),
 ('ALB',6,'16/01/2021',208),
 ('ALB',6,'17/01/2021',203.625),
 ('ALB',6,'18/01/2021',199.448),
 ('ALB',6,'19/01/2021',195.967),
 ('ALB',6,'20/01/2021',194.127),
 ('ALB',6,'21/01/2021',195.022),
 ('ALB',6,'22/01/2021',199.895),
 ('ALB',6,'23/01/2021',210.089),
 ('ALB',6,'24/01/2021',227.94),
 ('ALB',6,'25/01/2021',240.173),
 ('ALB',6,'26/01/2021',254.742),
 ('ALB',6,'27/01/2021',264.985),
 ('ALB',6,'28/01/2021',275.378),
 ('ALB',6,'29/01/2021',283.185),
 ('ALB',6,'30/01/2021',288.903),
 ('ALB',6,'31/01/2021',291.041),
 ('ALB',6,'01/02/2021',307.302),
 ('ALB',6,'02/02/2021',310.434),
 ('ALB',6,'03/02/2021',316.948),
 ('ALB',6,'04/02/2021',325.153),
 ('ALB',6,'05/02/2021',334.75),
 ('ALB',6,'06/02/2021',346.137),
 ('ALB',6,'07/02/2021',358.469),
 ('ALB',6,'08/02/2021',362.845),
 ('ALB',6,'09/02/2021',377.613),
 ('ALB',6,'10/02/2021',384.376),



/******************************************** Critere Andorra ******************************************/

/*Critères 4 */

 ('AND',4,'01/01/2021',104933.164),
 ('AND',4,'02/01/2021',105566.616),
 ('AND',4,'03/01/2021',105902.733),
 ('AND',4,'04/01/2021',106639.605),
 ('AND',4,'05/01/2021',107402.332),
 ('AND',4,'06/01/2021',107919.435),
 ('AND',4,'07/01/2021',107919.435),
 ('AND',4,'08/01/2021',109742.224),
 ('AND',4,'09/01/2021',110996.199),
 ('AND',4,'10/01/2021',110996.199),
 ('AND',4,'11/01/2021',110996.199),
 ('AND',4,'12/01/2021',112237.247),
 ('AND',4,'13/01/2021',113995.398),
 ('AND',4,'14/01/2021',114641.777),
 ('AND',4,'15/01/2021',115650.128),
 ('AND',4,'16/01/2021',116839.465),
 ('AND',4,'17/01/2021',117421.206),
 ('AND',4,'18/01/2021',117421.206),
 ('AND',4,'19/01/2021',118856.168),
 ('AND',4,'20/01/2021',120329.912),
 ('AND',4,'21/01/2021',121247.77),
 ('AND',4,'22/01/2021',121726.09),
 ('AND',4,'23/01/2021',122799.08),
 ('AND',4,'24/01/2021',123445.459),
 ('AND',4,'25/01/2021',124053.055),
 ('AND',4,'26/01/2021',124596.013),
 ('AND',4,'27/01/2021',125604.364),
 ('AND',4,'28/01/2021',126418.802),
 ('AND',4,'29/01/2021',127168.601),
 ('AND',4,'30/01/2021',127789.125),
 ('AND',4,'31/01/2021',128461.359),
 ('AND',4,'01/02/2021',128913.825),
 ('AND',4,'02/02/2021',129495.566),
 ('AND',4,'03/02/2021',130180.728),
 ('AND',4,'04/02/2021',131046.875),
 ('AND',4,'05/02/2021',131499.341),
 ('AND',4,'06/02/2021',131938.878),
 ('AND',4,'07/02/2021',132520.619),
 ('AND',4,'08/02/2021',132830.881),
 ('AND',4,'09/02/2021',133309.202),
 ('AND',4,'10/02/2021',133826.305),


/*Critères 5 */

 ('AND',5,'01/01/2021',666.694),
 ('AND',5,'02/01/2021',664.847),
 ('AND',5,'03/01/2021',685.162),
 ('AND',5,'04/01/2021',690.702),
 ('AND',5,'05/01/2021',718.404),
 ('AND',5,'06/01/2021',674.081),
 ('AND',5,'07/01/2021',552.192),
 ('AND',5,'08/01/2021',687.009),
 ('AND',5,'09/01/2021',775.655),
 ('AND',5,'10/01/2021',727.638),
 ('AND',5,'11/01/2021',622.371),
 ('AND',5,'12/01/2021',690.702),
 ('AND',5,'13/01/2021',867.995),
 ('AND',5,'14/01/2021',960.334),
 ('AND',5,'15/01/2021',843.986),
 ('AND',5,'16/01/2021',834.752),
 ('AND',5,'17/01/2021',917.858),
 ('AND',5,'18/01/2021',917.858),
 ('AND',5,'19/01/2021',945.56),
 ('AND',5,'20/01/2021',904.931),
 ('AND',5,'21/01/2021',943.713),
 ('AND',5,'22/01/2021',867.995),
 ('AND',5,'23/01/2021',851.373),
 ('AND',5,'24/01/2021',860.607),
 ('AND',5,'25/01/2021',947.407),
 ('AND',5,'26/01/2021',819.978),
 ('AND',5,'27/01/2021',753.493),
 ('AND',5,'28/01/2021',738.719),
 ('AND',5,'29/01/2021',777.502),
 ('AND',5,'30/01/2021',712.864),
 ('AND',5,'31/01/2021',716.557),
 ('AND',5,'01/02/2021',694.396),
 ('AND',5,'02/02/2021',699.936),
 ('AND',5,'03/02/2021',653.766),
 ('AND',5,'04/02/2021',661.153),
 ('AND',5,'05/02/2021',618.677),
 ('AND',5,'06/02/2021',592.822),
 ('AND',5,'07/02/2021',579.894),
 ('AND',5,'08/02/2021',559.58),
 ('AND',5,'09/02/2021',544.805),
 ('AND',5,'10/02/2021',520.797),



/*Critères 6 */

 ('AND',6,'01/01/2021',666.694),
 ('AND',6,'02/01/2021',664.847),
 ('AND',6,'03/01/2021',685.162),
 ('AND',6,'04/01/2021',690.702),
 ('AND',6,'05/01/2021',718.404),
 ('AND',6,'06/01/2021',674.081),
 ('AND',6,'07/01/2021',552.192),
 ('AND',6,'08/01/2021',687.009),
 ('AND',6,'09/01/2021',775.655),
 ('AND',6,'10/01/2021',727.638),
 ('AND',6,'11/01/2021',622.371),
 ('AND',6,'12/01/2021',690.702),
 ('AND',6,'13/01/2021',867.995),
 ('AND',6,'14/01/2021',960.334),
 ('AND',6,'15/01/2021',843.986),
 ('AND',6,'16/01/2021',834.752),
 ('AND',6,'17/01/2021',917.858),
 ('AND',6,'18/01/2021',917.858),
 ('AND',6,'19/01/2021',945.56),
 ('AND',6,'20/01/2021',904.931),
 ('AND',6,'21/01/2021',943.713),
 ('AND',6,'22/01/2021',867.995),
 ('AND',6,'23/01/2021',851.373),
 ('AND',6,'24/01/2021',860.607),
 ('AND',6,'25/01/2021',947.407),
 ('AND',6,'26/01/2021',819.978),
 ('AND',6,'27/01/2021',753.493),
 ('AND',6,'28/01/2021',738.719),
 ('AND',6,'29/01/2021',777.502),
 ('AND',6,'30/01/2021',712.864),
 ('AND',6,'31/01/2021',716.557),
 ('AND',6,'01/02/2021',694.396),
 ('AND',6,'02/02/2021',699.936),
 ('AND',6,'03/02/2021',653.766),
 ('AND',6,'04/02/2021',661.153),
 ('AND',6,'05/02/2021',618.677),
 ('AND',6,'06/02/2021',592.822),
 ('AND',6,'07/02/2021',579.894),
 ('AND',6,'08/02/2021',559.58),
 ('AND',6,'09/02/2021',544.805),
 ('AND',6,'10/02/2021',520.797),





/******************************************** Critere Austria ******************************************/

/*Critères 4 */

 ('AUT',4,'01/01/2021',40131.385),
 ('AUT',4,'02/01/2021',40285.204),
 ('AUT',4,'03/01/2021',40447.317),
 ('AUT',4,'04/01/2021',40628.892),
 ('AUT',4,'05/01/2021',40884.447),
 ('AUT',4,'06/01/2021',41157.474),
 ('AUT',4,'07/01/2021',41438.352),
 ('AUT',4,'08/01/2021',41666.482),
 ('AUT',4,'09/01/2021',41918.388),
 ('AUT',4,'10/01/2021',42100.959),
 ('AUT',4,'11/01/2021',42270.812),
 ('AUT',4,'12/01/2021',42444.979),
 ('AUT',4,'13/01/2021',42656.964),
 ('AUT',4,'14/01/2021',43045.107),
 ('AUT',4,'15/01/2021',43214.076),
 ('AUT',4,'16/01/2021',43404.609),
 ('AUT',4,'17/01/2021',43544.716),
 ('AUT',4,'18/01/2021',43673.101),
 ('AUT',4,'19/01/2021',43837.426),
 ('AUT',4,'20/01/2021',44022.208),
 ('AUT',4,'21/01/2021',44210.419),
 ('AUT',4,'22/01/2021',44441.314),
 ('AUT',4,'23/01/2021',44621.12),
 ('AUT',4,'24/01/2021',44754.039),
 ('AUT',4,'25/01/2021',44865.616),
 ('AUT',4,'26/01/2021',45022.311),
 ('AUT',4,'27/01/2021',45203.776),
 ('AUT',4,'28/01/2021',45364.009),
 ('AUT',4,'29/01/2021',45529.882),
 ('AUT',4,'30/01/2021',45693.322),
 ('AUT',4,'31/01/2021',45824.914),
 ('AUT',4,'01/02/2021',45949.208),
 ('AUT',4,'02/02/2021',46086.441),
 ('AUT',4,'03/02/2021',46254.525),
 ('AUT',4,'04/02/2021',46422.388),
 ('AUT',4,'05/02/2021',46575.876),
 ('AUT',4,'06/02/2021',46723.282),
 ('AUT',4,'07/02/2021',46868.918),
 ('AUT',4,'08/02/2021',46985.803),
 ('AUT',4,'09/02/2021',47118.17),
 ('AUT',4,'10/02/2021',47280.614),


/*Critères 5 */

 ('AUT',5,'01/01/2021',231.78),
 ('AUT',5,'02/01/2021',153.819),
 ('AUT',5,'03/01/2021',162.113),
 ('AUT',5,'04/01/2021',181.575),
 ('AUT',5,'05/01/2021',255.555),
 ('AUT',5,'06/01/2021',273.027),
 ('AUT',5,'07/01/2021',280.878),
 ('AUT',5,'08/01/2021',228.13),
 ('AUT',5,'09/01/2021',251.906),
 ('AUT',5,'10/01/2021',182.571),
 ('AUT',5,'11/01/2021',169.854),
 ('AUT',5,'12/01/2021',174.166),
 ('AUT',5,'13/01/2021',211.985),
 ('AUT',5,'14/01/2021',388.142),
 ('AUT',5,'15/01/2021',168.969),
 ('AUT',5,'16/01/2021',190.533),
 ('AUT',5,'17/01/2021',140.107),
 ('AUT',5,'18/01/2021',128.386),
 ('AUT',5,'19/01/2021',164.325),
 ('AUT',5,'20/01/2021',184.782),
 ('AUT',5,'21/01/2021',188.21),
 ('AUT',5,'22/01/2021',230.895),
 ('AUT',5,'23/01/2021',179.806),
 ('AUT',5,'24/01/2021',132.919),
 ('AUT',5,'25/01/2021',111.577),
 ('AUT',5,'26/01/2021',156.695),
 ('AUT',5,'27/01/2021',181.465),
 ('AUT',5,'28/01/2021',160.233),
 ('AUT',5,'29/01/2021',165.873),
 ('AUT',5,'30/01/2021',163.44),
 ('AUT',5,'31/01/2021',131.592),
 ('AUT',5,'01/02/2021',124.294),
 ('AUT',5,'02/02/2021',137.232),
 ('AUT',5,'03/02/2021',168.084),
 ('AUT',5,'04/02/2021',167.863),
 ('AUT',5,'05/02/2021',153.488),
 ('AUT',5,'06/02/2021',147.406),
 ('AUT',5,'07/02/2021',145.636),
 ('AUT',5,'08/02/2021',116.885),
 ('AUT',5,'09/02/2021',132.367),
 ('AUT',5,'10/02/2021',162.445),




/*Critères 6 */


 ('AUT',6,'01/01/2021',218.889),
 ('AUT',6,'02/01/2021',218.289),
 ('AUT',6,'03/01/2021',219.205),
 ('AUT',6,'04/01/2021',219.995),
 ('AUT',6,'05/01/2021',226.993),
 ('AUT',6,'06/01/2021',225.713),
 ('AUT',6,'07/01/2021',219.821),
 ('AUT',6,'08/01/2021',219.3),
 ('AUT',6,'09/01/2021',233.312),
 ('AUT',6,'10/01/2021',236.235),
 ('AUT',6,'11/01/2021',234.56),
 ('AUT',6,'12/01/2021',222.933),
 ('AUT',6,'13/01/2021',214.213),
 ('AUT',6,'14/01/2021',229.536),
 ('AUT',6,'15/01/2021',221.085),
 ('AUT',6,'16/01/2021',212.317),
 ('AUT',6,'17/01/2021',206.251),
 ('AUT',6,'18/01/2021',200.327),
 ('AUT',6,'19/01/2021',198.921),
 ('AUT',6,'20/01/2021',195.035),
 ('AUT',6,'21/01/2021',166.473),
 ('AUT',6,'22/01/2021',175.32),
 ('AUT',6,'23/01/2021',173.787),
 ('AUT',6,'24/01/2021',172.761),
 ('AUT',6,'25/01/2021',170.359),
 ('AUT',6,'26/01/2021',169.269),
 ('AUT',6,'27/01/2021',168.795),
 ('AUT',6,'28/01/2021',164.799),
 ('AUT',6,'29/01/2021',155.51),
 ('AUT',6,'30/01/2021',153.172),
 ('AUT',6,'31/01/2021',152.982),
 ('AUT',6,'01/02/2021',154.799),
 ('AUT',6,'02/02/2021',152.019),
 ('AUT',6,'03/02/2021',150.107),
 ('AUT',6,'04/02/2021',151.197),
 ('AUT',6,'05/02/2021',149.428),
 ('AUT',6,'06/02/2021',147.137),
 ('AUT',6,'07/02/2021',149.143),
 ('AUT',6,'08/02/2021',148.085),
 ('AUT',6,'09/02/2021',147.39),
 ('AUT',6,'10/02/2021',146.584),




 /******************************************** Critere France ******************************************/



/*Critères 4 */

 ('FRA',4,'01/01/2021',39750.141),
 ('FRA',4,'02/01/2021',39801.548),
 ('FRA',4,'03/01/2021',39986.785),
 ('FRA',4,'04/01/2021',40046.439),
 ('FRA',4,'05/01/2021',40353.95),
 ('FRA',4,'06/01/2021',40726.87),
 ('FRA',4,'07/01/2021',41048.767),
 ('FRA',4,'08/01/2021',41342.648),
 ('FRA',4,'09/01/2021',41641.912),
 ('FRA',4,'10/01/2021',41878.393),
 ('FRA',4,'11/01/2021',41933.523),
 ('FRA',4,'12/01/2021',42225.624),
 ('FRA',4,'13/01/2021',42579.395),
 ('FRA',4,'14/01/2021',42894.248),
 ('FRA',4,'15/01/2021',43209.739),
 ('FRA',4,'16/01/2021',43527.231),
 ('FRA',4,'17/01/2021',43774.065),
 ('FRA',4,'18/01/2021',43829.477),
 ('FRA',4,'19/01/2021',44185.785),
 ('FRA',4,'20/01/2021',44582.658),
 ('FRA',4,'21/01/2021',44917.668),
 ('FRA',4,'22/01/2021',45263.134),
 ('FRA',4,'23/01/2021',45620.48),
 ('FRA',4,'24/01/2021',45893.922),
 ('FRA',4,'25/01/2021',45956.809),
 ('FRA',4,'26/01/2021',46284.388),
 ('FRA',4,'27/01/2021',46683.605),
 ('FRA',4,'28/01/2021',47036.16),
 ('FRA',4,'29/01/2021',47380.336),
 ('FRA',4,'30/01/2021',47736.97),
 ('FRA',4,'31/01/2021',48023.761),
 ('FRA',4,'01/02/2021',48088.235),
 ('FRA',4,'02/02/2021',48434.369),
 ('FRA',4,'03/02/2021',48825.369),
 ('FRA',4,'04/02/2021',48825.369),
 ('FRA',4,'05/02/2021',49501.513),
 ('FRA',4,'06/02/2021',49806.843),
 ('FRA',4,'07/02/2021',50099.255),
 ('FRA',4,'08/02/2021',50163.285),
 ('FRA',4,'09/02/2021',50445.151),
 ('FRA',4,'10/02/2021',50821.69),


/*Critères 5 */


 ('FRA',5,'01/01/2021',287.117),
 ('FRA',5,'02/01/2021',51.408),
 ('FRA',5,'03/01/2021',185.236),
 ('FRA',5,'04/01/2021',59.654),
 ('FRA',5,'05/01/2021',307.511),
 ('FRA',5,'06/01/2021',372.92),
 ('FRA',5,'07/01/2021',321.898),
 ('FRA',5,'08/01/2021',293.88),
 ('FRA',5,'09/01/2021',299.264),
 ('FRA',5,'10/01/2021',236.481),
 ('FRA',5,'11/01/2021',55.13),
 ('FRA',5,'12/01/2021',292.101),
 ('FRA',5,'13/01/2021',353.772),
 ('FRA',5,'14/01/2021',314.853),
 ('FRA',5,'15/01/2021',315.49),
 ('FRA',5,'16/01/2021',317.493),
 ('FRA',5,'17/01/2021',246.833),
 ('FRA',5,'18/01/2021',55.412),
 ('FRA',5,'19/01/2021',356.308),
 ('FRA',5,'20/01/2021',396.873),
 ('FRA',5,'21/01/2021',335.009),
 ('FRA',5,'22/01/2021',345.466),
 ('FRA',5,'23/01/2021',357.346),
 ('FRA',5,'24/01/2021',273.442),
 ('FRA',5,'25/01/2021',62.887),
 ('FRA',5,'26/01/2021',327.579),
 ('FRA',5,'27/01/2021',399.217),
 ('FRA',5,'28/01/2021',352.556),
 ('FRA',5,'29/01/2021',344.175),
 ('FRA',5,'30/01/2021',356.634),
 ('FRA',5,'31/01/2021',286.791),
 ('FRA',5,'01/02/2021',64.475),
 ('FRA',5,'02/02/2021',346.133),
 ('FRA',5,'03/02/2021',391),
 ('FRA',5,'04/02/2021',0),
 ('FRA',5,'05/02/2021',676.144),
 ('FRA',5,'06/02/2021',305.331),
 ('FRA',5,'07/02/2021',292.412),
 ('FRA',5,'08/02/2021',64.03),
 ('FRA',5,'09/02/2021',281.866),
 ('FRA',5,'10/02/2021',376.539),


 /*Critères 6 */

 ('FRA',6,'01/01/2021',195.055),
 ('FRA',6,'02/01/2021',195.845),
 ('FRA',6,'03/01/2021',203.52),
 ('FRA',6,'04/01/2021',205.77),
 ('FRA',6,'05/01/2021',225.556),
 ('FRA',6,'06/01/2021',222.772),
 ('FRA',6,'07/01/2021',226.535),
 ('FRA',6,'08/01/2021',227.501),
 ('FRA',6,'09/01/2021',262.909),
 ('FRA',6,'10/01/2021',270.23),
 ('FRA',6,'11/01/2021',269.583),
 ('FRA',6,'12/01/2021',267.382),
 ('FRA',6,'13/01/2021',264.647),
 ('FRA',6,'14/01/2021',263.64),
 ('FRA',6,'15/01/2021',266.727),
 ('FRA',6,'16/01/2021',269.331),
 ('FRA',6,'17/01/2021',270.81),
 ('FRA',6,'18/01/2021',270.851),
 ('FRA',6,'19/01/2021',280.023),
 ('FRA',6,'20/01/2021',286.18),
 ('FRA',6,'21/01/2021',289.06),
 ('FRA',6,'22/01/2021',293.342),
 ('FRA',6,'23/01/2021',299.035),
 ('FRA',6,'24/01/2021',302.837),
 ('FRA',6,'25/01/2021',303.905),
 ('FRA',6,'26/01/2021',299.8),
 ('FRA',6,'27/01/2021',300.135),
 ('FRA',6,'28/01/2021',302.642),
 ('FRA',6,'29/01/2021',302.457),
 ('FRA',6,'30/01/2021',302.356),
 ('FRA',6,'31/01/2021',304.263),
 ('FRA',6,'01/02/2021',304.489),
 ('FRA',6,'02/02/2021',307.14),
 ('FRA',6,'03/02/2021',305.966),
 ('FRA',6,'04/02/2021',255.601),
 ('FRA',6,'05/02/2021',303.025),
 ('FRA',6,'06/02/2021',295.696),
 ('FRA',6,'07/02/2021',296.499),
 ('FRA',6,'08/02/2021',296.436),
 ('FRA',6,'09/02/2021',287.255),
 ('FRA',6,'10/02/2021',285.189),



 /******************************************** Critere Russie  ******************************************/

  /*Critères 4 */

('RUS',4,'01/01/2021',21615.491),
 ('RUS',4,'02/01/2021',21793.256),
 ('RUS',4,'03/01/2021',21956.676),
 ('RUS',4,'04/01/2021',22114.408),
 ('RUS',4,'05/01/2021',22278.582),
 ('RUS',4,'06/01/2021',22442.393),
 ('RUS',4,'07/01/2021',22601.517),
 ('RUS',4,'08/01/2021',22761.408),
 ('RUS',4,'09/01/2021',22919.119),
 ('RUS',4,'10/01/2021',23073.596),
 ('RUS',4,'11/01/2021',23231.348),
 ('RUS',4,'12/01/2021',23386.627),
 ('RUS',4,'13/01/2021',23541.131),
 ('RUS',4,'14/01/2021',23707.69),
 ('RUS',4,'15/01/2021',23874.188),
 ('RUS',4,'16/01/2021',24036.409),
 ('RUS',4,'17/01/2021',24195.258),
 ('RUS',4,'18/01/2021',24349.522),
 ('RUS',4,'19/01/2021',24496.474),
 ('RUS',4,'20/01/2021',24639.066),
 ('RUS',4,'21/01/2021',24786.717),
 ('RUS',4,'22/01/2021',24931.887),
 ('RUS',4,'23/01/2021',25072.965),
 ('RUS',4,'24/01/2021',25215.517),
 ('RUS',4,'25/01/2021',25345.725),
 ('RUS',4,'26/01/2021',25468.964),
 ('RUS',4,'27/01/2021',25588.652),
 ('RUS',4,'28/01/2021',25717.881),
 ('RUS',4,'29/01/2021',25847.863),
 ('RUS',4,'30/01/2021',25976.372),
 ('RUS',4,'31/01/2021',26100.303),
 ('RUS',4,'01/02/2021',26219.491),
 ('RUS',4,'02/02/2021',26331.929),
 ('RUS',4,'03/02/2021',26443.106),
 ('RUS',4,'04/02/2021',26555.934),
 ('RUS',4,'05/02/2021',26668.632),
 ('RUS',4,'06/02/2021',26780.884),
 ('RUS',4,'07/02/2021',26889.224),
 ('RUS',4,'08/02/2021',26996.83),
 ('RUS',4,'09/02/2021',27098.315),
 ('RUS',4,'10/02/2021',27196.032),


  /*Critères 5 */

 ('RUS',5,'01/01/2021',182.391),
 ('RUS',5,'02/01/2021',177.765),
 ('RUS',5,'03/01/2021',163.42),
 ('RUS',5,'04/01/2021',157.732),
 ('RUS',5,'05/01/2021',164.174),
 ('RUS',5,'06/01/2021',163.811),
 ('RUS',5,'07/01/2021',159.123),
 ('RUS',5,'08/01/2021',159.891),
 ('RUS',5,'09/01/2021',157.711),
 ('RUS',5,'10/01/2021',154.477),
 ('RUS',5,'11/01/2021',157.753),
 ('RUS',5,'12/01/2021',155.279),
 ('RUS',5,'13/01/2021',154.504),
 ('RUS',5,'14/01/2021',166.559),
 ('RUS',5,'15/01/2021',166.498),
 ('RUS',5,'16/01/2021',162.221),
 ('RUS',5,'17/01/2021',158.849),
 ('RUS',5,'18/01/2021',154.264),
 ('RUS',5,'19/01/2021',146.952),
 ('RUS',5,'20/01/2021',142.593),
 ('RUS',5,'21/01/2021',147.651),
 ('RUS',5,'22/01/2021',145.17),
 ('RUS',5,'23/01/2021',141.078),
 ('RUS',5,'24/01/2021',142.552),
 ('RUS',5,'25/01/2021',130.209),
 ('RUS',5,'26/01/2021',123.239),
 ('RUS',5,'27/01/2021',119.689),
 ('RUS',5,'28/01/2021',129.229),
 ('RUS',5,'29/01/2021',129.982),
 ('RUS',5,'30/01/2021',128.509),
 ('RUS',5,'31/01/2021',123.931),
 ('RUS',5,'01/02/2021',119.188),
 ('RUS',5,'02/02/2021',112.438),
 ('RUS',5,'03/02/2021',111.177),
 ('RUS',5,'04/02/2021',112.828),
 ('RUS',5,'05/02/2021',112.698),
 ('RUS',5,'06/02/2021',112.253),
 ('RUS',5,'07/02/2021',108.339),
 ('RUS',5,'08/02/2021',107.606),
 ('RUS',5,'09/02/2021',101.486),
 ('RUS',5,'10/02/2021',97.716),

   /*Critères 6 */

 ('RUS',6,'01/01/2021',186.678),
 ('RUS',6,'02/01/2021',183.844),
 ('RUS',6,'03/01/2021',179.923),
 ('RUS',6,'04/01/2021',175.667),
 ('RUS',6,'05/01/2021',173.089),
 ('RUS',6,'06/01/2021',170.942),
 ('RUS',6,'07/01/2021',166.917),
 ('RUS',6,'08/01/2021',163.702),
 ('RUS',6,'09/01/2021',160.838),
 ('RUS',6,'10/01/2021',159.56),
 ('RUS',6,'11/01/2021',159.563),
 ('RUS',6,'12/01/2021',158.292),
 ('RUS',6,'13/01/2021',156.962),
 ('RUS',6,'14/01/2021',158.025),
 ('RUS',6,'15/01/2021',158.969),
 ('RUS',6,'16/01/2021',159.613),
 ('RUS',6,'17/01/2021',160.237),
 ('RUS',6,'18/01/2021',159.739),
 ('RUS',6,'19/01/2021',158.55),
 ('RUS',6,'20/01/2021',156.848),
 ('RUS',6,'21/01/2021',154.147),
 ('RUS',6,'22/01/2021',151.1),
 ('RUS',6,'23/01/2021',148.079),
 ('RUS',6,'24/01/2021',145.751),
 ('RUS',6,'25/01/2021',142.315),
 ('RUS',6,'26/01/2021',138.927),
 ('RUS',6,'27/01/2021',135.655),
 ('RUS',6,'28/01/2021',133.023),
 ('RUS',6,'29/01/2021',130.854),
 ('RUS',6,'30/01/2021',129.058),
 ('RUS',6,'31/01/2021',126.398),
 ('RUS',6,'01/02/2021',124.824),
 ('RUS',6,'02/02/2021',123.281),
 ('RUS',6,'03/02/2021',122.065),
 ('RUS',6,'04/02/2021',119.722),
 ('RUS',6,'05/02/2021',117.253),
 ('RUS',6,'06/02/2021',114.93),
 ('RUS',6,'07/02/2021',112.703),
 ('RUS',6,'08/02/2021',111.048),
 ('RUS',6,'09/02/2021',109.484),
 ('RUS',6,'10/02/2021',107.561),



/******************************************** Critere Yemen  ******************************************/

	/*Critère 7*/

 ('YEM',7,'01/01/2021',0.714),
 ('YEM',7,'02/01/2021',0.714),
 ('YEM',7,'03/01/2021',0.429),
 ('YEM',7,'04/01/2021',0.429),
 ('YEM',7,'05/01/2021',0.429),
 ('YEM',7,'06/01/2021',0.571),
 ('YEM',7,'07/01/2021',0.857),
 ('YEM',7,'08/01/2021',1),
 ('YEM',7,'09/01/2021',0.857),
 ('YEM',7,'10/01/2021',1),
 ('YEM',7,'11/01/2021',1.143),
 ('YEM',7,'12/01/2021',1.143),
 ('YEM',7,'13/01/2021',1.143),
 ('YEM',7,'14/01/2021',1.143),
 ('YEM',7,'15/01/2021',0.857),
 ('YEM',7,'16/01/2021',0.714),
 ('YEM',7,'17/01/2021',1),
 ('YEM',7,'18/01/2021',0.857),
 ('YEM',7,'19/01/2021',0.857),
 ('YEM',7,'20/01/2021',0.714),
 ('YEM',7,'21/01/2021',0.571),
 ('YEM',7,'22/01/2021',0.714),
 ('YEM',7,'23/01/2021',0.714),
 ('YEM',7,'24/01/2021',0.286),
 ('YEM',7,'25/01/2021',0.286),
 ('YEM',7,'26/01/2021',0.429),
 ('YEM',7,'27/01/2021',0.571),
 ('YEM',7,'28/01/2021',0.429),
 ('YEM',7,'29/01/2021',0.286),
 ('YEM',7,'30/01/2021',0.286),
 ('YEM',7,'31/01/2021',0.571),
 ('YEM',7,'01/02/2021',1),
 ('YEM',7,'02/02/2021',0.857),
 ('YEM',7,'03/02/2021',1.286),
 ('YEM',7,'04/02/2021',1.286),
 ('YEM',7,'05/02/2021',1.571),
 ('YEM',7,'06/02/2021',1.714),
 ('YEM',7,'07/02/2021',1.714),
 ('YEM',7,'08/02/2021',1.286),
 ('YEM',7,'09/02/2021',2.571),
 ('YEM',7,'10/02/2021',2),

 /*Critère 8 */
 ('YEM',8,'01/01/2021',2),
 ('YEM',8,'02/01/2021',0),
 ('YEM',8,'03/01/2021',0),
 ('YEM',8,'04/01/2021',0),
 ('YEM',8,'05/01/2021',0),
 ('YEM',8,'06/01/2021',1),
 ('YEM',8,'07/01/2021',2),
 ('YEM',8,'08/01/2021',0),
 ('YEM',8,'09/01/2021',0),
 ('YEM',8,'10/01/2021',0),
 ('YEM',8,'11/01/2021',1),
 ('YEM',8,'12/01/2021',2),
 ('YEM',8,'13/01/2021',2),
 ('YEM',8,'14/01/2021',1),
 ('YEM',8,'15/01/2021',1),
 ('YEM',8,'16/01/2021',1),
 ('YEM',8,'17/01/2021',0),
 ('YEM',8,'18/01/2021',1),
 ('YEM',8,'19/01/2021',2),
 ('YEM',8,'20/01/2021',0),
 ('YEM',8,'21/01/2021',0),
 ('YEM',8,'22/01/2021',3),
 ('YEM',8,'23/01/2021',0),
 ('YEM',8,'24/01/2021',0),
 ('YEM',8,'25/01/2021',0),
 ('YEM',8,'26/01/2021',1),
 ('YEM',8,'27/01/2021',1),
 ('YEM',8,'28/01/2021',0),
 ('YEM',8,'29/01/2021',0),
 ('YEM',8,'30/01/2021',0),
 ('YEM',8,'31/01/2021',1),
 ('YEM',8,'01/02/2021',1),
 ('YEM',8,'02/02/2021',0),
 ('YEM',8,'03/02/2021',0),
 ('YEM',8,'04/02/2021',0),
 ('YEM',8,'05/02/2021',2),
 ('YEM',8,'06/02/2021',3),
 ('YEM',8,'07/02/2021',0),
 ('YEM',8,'08/02/2021',4),
 ('YEM',8,'09/02/2021',0),
 ('YEM',8,'10/02/2021',2),

  /*Critère 9 */

 ('YEM',9,'01/01/2021',2101),
 ('YEM',9,'02/01/2021',2101),
 ('YEM',9,'03/01/2021',2101),
 ('YEM',9,'04/01/2021',2101),
 ('YEM',9,'05/01/2021',2101),
 ('YEM',9,'06/01/2021',2102),
 ('YEM',9,'07/01/2021',2104),
 ('YEM',9,'08/01/2021',2104),
 ('YEM',9,'09/01/2021',2104),
 ('YEM',9,'10/01/2021',2104),
 ('YEM',9,'11/01/2021',2105),
 ('YEM',9,'12/01/2021',2107),
 ('YEM',9,'13/01/2021',2109),
 ('YEM',9,'14/01/2021',2110),
 ('YEM',9,'15/01/2021',2111),
 ('YEM',9,'16/01/2021',2112),
 ('YEM',9,'17/01/2021',2112),
 ('YEM',9,'18/01/2021',2113),
 ('YEM',9,'19/01/2021',2115),
 ('YEM',9,'20/01/2021',2115),
 ('YEM',9,'21/01/2021',2115),
 ('YEM',9,'22/01/2021',2118),
 ('YEM',9,'23/01/2021',2118),
 ('YEM',9,'24/01/2021',2118),
 ('YEM',9,'25/01/2021',2118),
 ('YEM',9,'26/01/2021',2119),
 ('YEM',9,'27/01/2021',2120),
 ('YEM',9,'28/01/2021',2120),
 ('YEM',9,'29/01/2021',2120),
 ('YEM',9,'30/01/2021',2120),
 ('YEM',9,'31/01/2021',2121),
 ('YEM',9,'01/02/2021',2122),
 ('YEM',9,'02/02/2021',2122),
 ('YEM',9,'03/02/2021',2122),
 ('YEM',9,'04/02/2021',2122),
 ('YEM',9,'05/02/2021',2124),
 ('YEM',9,'06/02/2021',2127),
 ('YEM',9,'07/02/2021',2127),
 ('YEM',9,'08/02/2021',2131),
 ('YEM',9,'09/02/2021',2131),
 ('YEM',9,'10/02/2021',2133),

/******************************************** Critere Japon  ******************************************/


	/*Critère 7*/
 ('JAP',7,'01/01/2021',538),
 ('JAP',7,'02/01/2021',535.571),
 ('JAP',7,'03/01/2021',544.571),
 ('JAP',7,'04/01/2021',531.429),
 ('JAP',7,'05/01/2021',546.571),
 ('JAP',7,'06/01/2021',561.286),
 ('JAP',7,'07/01/2021',570.286),
 ('JAP',7,'08/01/2021',583.714),
 ('JAP',7,'09/01/2021',607.286),
 ('JAP',7,'10/01/2021',623.857),
 ('JAP',7,'11/01/2021',651.286),
 ('JAP',7,'12/01/2021',655.429),
 ('JAP',7,'13/01/2021',677),
 ('JAP',7,'14/01/2021',694.143),
 ('JAP',7,'15/01/2021',705.143),
 ('JAP',7,'16/01/2021',736.429),
 ('JAP',7,'17/01/2021',721.143),
 ('JAP',7,'18/01/2021',755.429),
 ('JAP',7,'19/01/2021',808.143),
 ('JAP',7,'20/01/2021',873.286),
 ('JAP',7,'21/01/2021',921.429),
 ('JAP',7,'22/01/2021',963.286),
 ('JAP',7,'23/01/2021',1023),
 ('JAP',7,'24/01/2021',1154.429),
 ('JAP',7,'25/01/2021',1241.714),
 ('JAP',7,'26/01/2021',1321.857),
 ('JAP',7,'27/01/2021',1379.286),
 ('JAP',7,'28/01/2021',1449.143),
 ('JAP',7,'29/01/2021',1473.429),
 ('JAP',7,'30/01/2021',1533),
 ('JAP',7,'31/01/2021',1625.857),
 ('JAP',7,'01/02/2021',1729.571),
 ('JAP',7,'02/02/2021',1832),
 ('JAP',7,'03/02/2021',1954.429),
 ('JAP',7,'04/02/2021',2057.286),
 ('JAP',7,'05/02/2021',2138.429),
 ('JAP',7,'06/02/2021',2071.143),
 ('JAP',7,'07/02/2021',2035.143),
 ('JAP',7,'08/02/2021',2051.571),
 ('JAP',7,'09/02/2021',2067.286),
 ('JAP',7,'10/02/2021',2079.143),


	/*Critère 8*/
 ('JAP',8,'01/01/2021',708),
 ('JAP',8,'02/01/2021',639),
 ('JAP',8,'03/01/2021',623),
 ('JAP',8,'04/01/2021',430),
 ('JAP',8,'05/01/2021',316),
 ('JAP',8,'06/01/2021',481),
 ('JAP',8,'07/01/2021',615),
 ('JAP',8,'08/01/2021',616),
 ('JAP',8,'09/01/2021',745),
 ('JAP',8,'10/01/2021',726),
 ('JAP',8,'11/01/2021',493),
 ('JAP',8,'12/01/2021',410),
 ('JAP',8,'13/01/2021',646),
 ('JAP',8,'14/01/2021',731),
 ('JAP',8,'15/01/2021',808),
 ('JAP',8,'16/01/2021',774),
 ('JAP',8,'17/01/2021',877),
 ('JAP',8,'18/01/2021',613),
 ('JAP',8,'19/01/2021',487),
 ('JAP',8,'20/01/2021',865),
 ('JAP',8,'21/01/2021',624),
 ('JAP',8,'22/01/2021',1048),
 ('JAP',8,'23/01/2021',1143),
 ('JAP',8,'24/01/2021',1333),
 ('JAP',8,'25/01/2021',950),
 ('JAP',8,'26/01/2021',780),
 ('JAP',8,'27/01/2021',1283),
 ('JAP',8,'28/01/2021',1544),
 ('JAP',8,'29/01/2021',1659),
 ('JAP',8,'30/01/2021',1704),
 ('JAP',8,'31/01/2021',1735),
 ('JAP',8,'01/02/2021',1439),
 ('JAP',8,'02/02/2021',950),
 ('JAP',8,'03/02/2021',1700),
 ('JAP',8,'04/02/2021',2194),
 ('JAP',8,'05/02/2021',2385),
 ('JAP',8,'06/02/2021',2421),
 ('JAP',8,'07/02/2021',2592),
 ('JAP',8,'08/02/2021',2159),
 ('JAP',8,'09/02/2021',1518),
 ('JAP',8,'10/02/2021',1229),
	/*Critère 9*/

 ('JAP',9,'01/01/2021',90685),
 ('JAP',9,'02/01/2021',91393),
 ('JAP',9,'03/01/2021',92032),
 ('JAP',9,'04/01/2021',92655),
 ('JAP',9,'05/01/2021',93085),
 ('JAP',9,'06/01/2021',93401),
 ('JAP',9,'07/01/2021',93882),
 ('JAP',9,'08/01/2021',94497),
 ('JAP',9,'09/01/2021',95113),
 ('JAP',9,'10/01/2021',95858),
 ('JAP',9,'11/01/2021',96584),
 ('JAP',9,'12/01/2021',97077),
 ('JAP',9,'13/01/2021',97487),
 ('JAP',9,'14/01/2021',98133),
 ('JAP',9,'15/01/2021',98864),
 ('JAP',9,'16/01/2021',99672),
 ('JAP',9,'17/01/2021',100446),
 ('JAP',9,'18/01/2021',101323),
 ('JAP',9,'19/01/2021',101936),
 ('JAP',9,'20/01/2021',102423),
 ('JAP',9,'21/01/2021',103288),
 ('JAP',9,'22/01/2021',103912),
 ('JAP',9,'23/01/2021',104960),
 ('JAP',9,'24/01/2021',106103),
 ('JAP',9,'25/01/2021',107436),
 ('JAP',9,'26/01/2021',108386),
 ('JAP',9,'27/01/2021',109166),
 ('JAP',9,'28/01/2021',110449),
 ('JAP',9,'29/01/2021',111993),
 ('JAP',9,'30/01/2021',113652),
 ('JAP',9,'31/01/2021',115356),
 ('JAP',9,'01/02/2021',117091),
 ('JAP',9,'02/02/2021',118530),
 ('JAP',9,'03/02/2021',119480),
 ('JAP',9,'04/02/2021',121180),
 ('JAP',9,'05/02/2021',123374),
 ('JAP',9,'06/02/2021',125759),
 ('JAP',9,'07/02/2021',128180),
 ('JAP',9,'08/02/2021',130772),
 ('JAP',9,'09/02/2021',132931),
 ('JAP',9,'10/02/2021',134449),

/******************************************** Critere Chine  ******************************************/

	/*Critère 7*/

 ('CH',7,'01/01/2021',14.429),
 ('CH',7,'02/01/2021',16.143),
 ('CH',7,'03/01/2021',14.857),
 ('CH',7,'04/01/2021',15.286),
 ('CH',7,'05/01/2021',14.429),
 ('CH',7,'06/01/2021',17),
 ('CH',7,'07/01/2021',17.286),
 ('CH',7,'08/01/2021',17.857),
 ('CH',7,'09/01/2021',17.429),
 ('CH',7,'10/01/2021',21.857),
 ('CH',7,'11/01/2021',26.571),
 ('CH',7,'12/01/2021',27.571),
 ('CH',7,'13/01/2021',27.857),
 ('CH',7,'14/01/2021',29.143),
 ('CH',7,'15/01/2021',30.143),
 ('CH',7,'16/01/2021',34.857),
 ('CH',7,'17/01/2021',31.286),
 ('CH',7,'18/01/2021',28.571),
 ('CH',7,'19/01/2021',30.143),
 ('CH',7,'20/01/2021',30.143),
 ('CH',7,'21/01/2021',30.714),
 ('CH',7,'22/01/2021',32),
 ('CH',7,'23/01/2021',28.143),
 ('CH',7,'24/01/2021',28.143),
 ('CH',7,'25/01/2021',26.286),
 ('CH',7,'26/01/2021',22.286),
 ('CH',7,'27/01/2021',20.143),
 ('CH',7,'28/01/2021',18),
 ('CH',7,'29/01/2021',14.429),
 ('CH',7,'30/01/2021',13.286),
 ('CH',7,'31/01/2021',12.143),
 ('CH',7,'01/02/2021',11.714),
 ('CH',7,'02/02/2021',13),
 ('CH',7,'03/02/2021',12.714),
 ('CH',7,'04/02/2021',13.286),
 ('CH',7,'05/02/2021',13.714),
 ('CH',7,'06/02/2021',14.857),
 ('CH',7,'07/02/2021',14.286),
 ('CH',7,'08/02/2021',15.571),
 ('CH',7,'09/02/2021',13.857),
 ('CH',7,'10/02/2021',12.429),

	/*Critère 8*/

 ('CH',8,'01/01/2021',24),
 ('CH',8,'02/01/2021',13),
 ('CH',8,'03/01/2021',13),
 ('CH',8,'04/01/2021',13),
 ('CH',8,'05/01/2021',19),
 ('CH',8,'06/01/2021',11),
 ('CH',8,'07/01/2021',14),
 ('CH',8,'08/01/2021',18),
 ('CH',8,'09/01/2021',31),
 ('CH',8,'10/01/2021',15),
 ('CH',8,'11/01/2021',17),
 ('CH',8,'12/01/2021',16),
 ('CH',8,'13/01/2021',42),
 ('CH',8,'14/01/2021',47),
 ('CH',8,'15/01/2021',25),
 ('CH',8,'16/01/2021',33),
 ('CH',8,'17/01/2021',24),
 ('CH',8,'18/01/2021',24),
 ('CH',8,'19/01/2021',49),
 ('CH',8,'20/01/2021',17),
 ('CH',8,'21/01/2021',28),
 ('CH',8,'22/01/2021',36),
 ('CH',8,'23/01/2021',33),
 ('CH',8,'24/01/2021',28),
 ('CH',8,'25/01/2021',33),
 ('CH',8,'26/01/2021',22),
 ('CH',8,'27/01/2021',17),
 ('CH',8,'28/01/2021',15),
 ('CH',8,'29/01/2021',8),
 ('CH',8,'30/01/2021',18),
 ('CH',8,'31/01/2021',13),
 ('CH',8,'01/02/2021',8),
 ('CH',8,'02/02/2021',14),
 ('CH',8,'03/02/2021',9),
 ('CH',8,'04/02/2021',12),
 ('CH',8,'05/02/2021',17),
 ('CH',8,'06/02/2021',16),
 ('CH',8,'07/02/2021',17),
 ('CH',8,'08/02/2021',11),
 ('CH',8,'09/02/2021',22),
 ('CH',8,'10/02/2021',5),


	/*Critère 9*/

 ('CH',9,'01/01/2021',85622),
 ('CH',9,'02/01/2021',85646),
 ('CH',9,'03/01/2021',85659),
 ('CH',9,'04/01/2021',85672),
 ('CH',9,'05/01/2021',85685),
 ('CH',9,'06/01/2021',85704),
 ('CH',9,'07/01/2021',85715),
 ('CH',9,'08/01/2021',85729),
 ('CH',9,'09/01/2021',85747),
 ('CH',9,'10/01/2021',85778),
 ('CH',9,'11/01/2021',85793),
 ('CH',9,'12/01/2021',85810),
 ('CH',9,'13/01/2021',85826),
 ('CH',9,'14/01/2021',85868),
 ('CH',9,'15/01/2021',85915),
 ('CH',9,'16/01/2021',85940),
 ('CH',9,'17/01/2021',85973),
 ('CH',9,'18/01/2021',85997),
 ('CH',9,'19/01/2021',86021),
 ('CH',9,'20/01/2021',86070),
 ('CH',9,'21/01/2021',86087),
 ('CH',9,'22/01/2021',86115),
 ('CH',9,'23/01/2021',86151),
 ('CH',9,'24/01/2021',86184),
 ('CH',9,'25/01/2021',86212),
 ('CH',9,'26/01/2021',86245),
 ('CH',9,'27/01/2021',86267),
 ('CH',9,'28/01/2021',86284),
 ('CH',9,'29/01/2021',86299),
 ('CH',9,'30/01/2021',86307),
 ('CH',9,'31/01/2021',86325),
 ('CH',9,'01/02/2021',86338),
 ('CH',9,'02/02/2021',86346),
 ('CH',9,'03/02/2021',86360),
 ('CH',9,'04/02/2021',86369),
 ('CH',9,'05/02/2021',86381),
 ('CH',9,'06/02/2021',86398),
 ('CH',9,'07/02/2021',86414),
 ('CH',9,'08/02/2021',86431),
 ('CH',9,'09/02/2021',86442),
 ('CH',9,'10/02/2021',86464),

/******************************************** Critere Armenie  ******************************************/
	/*Critère 7*/

 ('ARM',7,'01/01/2021',1270.143),
 ('ARM',7,'02/01/2021',1242.857),
 ('ARM',7,'03/01/2021',1250.714),
 ('ARM',7,'04/01/2021',1220.571),
 ('ARM',7,'05/01/2021',1202.143),
 ('ARM',7,'06/01/2021',1206.429),
 ('ARM',7,'07/01/2021',1163.714),
 ('ARM',7,'08/01/2021',1091.143),
 ('ARM',7,'09/01/2021',1049.429),
 ('ARM',7,'10/01/2021',1052.143),
 ('ARM',7,'11/01/2021',1024.143),
 ('ARM',7,'12/01/2021',1031.429),
 ('ARM',7,'13/01/2021',994.429),
 ('ARM',7,'14/01/2021',976.429),
 ('ARM',7,'15/01/2021',961.714),
 ('ARM',7,'16/01/2021',946.429),
 ('ARM',7,'17/01/2021',907.571),
 ('ARM',7,'18/01/2021',912.571),
 ('ARM',7,'19/01/2021',905.429),
 ('ARM',7,'20/01/2021',884.571),
 ('ARM',7,'21/01/2021',878.857),
 ('ARM',7,'22/01/2021',878.857),
 ('ARM',7,'23/01/2021',848),
 ('ARM',7,'24/01/2021',837.286),
 ('ARM',7,'25/01/2021',785.714),
 ('ARM',7,'26/01/2021',769),
 ('ARM',7,'27/01/2021',783.143),
 ('ARM',7,'28/01/2021',746),
 ('ARM',7,'29/01/2021',678.571),
 ('ARM',7,'30/01/2021',644.286),
 ('ARM',7,'31/01/2021',596.571),
 ('ARM',7,'01/02/2021',572.714),
 ('ARM',7,'02/02/2021',554.714),
 ('ARM',7,'03/02/2021',527.714),
 ('ARM',7,'04/02/2021',491.143),
 ('ARM',7,'05/02/2021',466.714),
 ('ARM',7,'06/02/2021',425),
 ('ARM',7,'07/02/2021',349.857),
 ('ARM',7,'08/02/2021',313.286),
 ('ARM',7,'09/02/2021',324.571),
 ('ARM',7,'10/02/2021',321.143),

	/*Critère 8*/

 ('ARM',8,'01/01/2021',1385),
 ('ARM',8,'02/01/2021',485),
 ('ARM',8,'03/01/2021',813),
 ('ARM',8,'04/01/2021',1563),
 ('ARM',8,'05/01/2021',1785),
 ('ARM',8,'06/01/2021',1476),
 ('ARM',8,'07/01/2021',1248),
 ('ARM',8,'08/01/2021',1174),
 ('ARM',8,'09/01/2021',356),
 ('ARM',8,'10/01/2021',843),
 ('ARM',8,'11/01/2021',1264),
 ('ARM',8,'12/01/2021',1277),
 ('ARM',8,'13/01/2021',1184),
 ('ARM',8,'14/01/2021',1267),
 ('ARM',8,'15/01/2021',978),
 ('ARM',8,'16/01/2021',407),
 ('ARM',8,'17/01/2021',584),
 ('ARM',8,'18/01/2021',1138),
 ('ARM',8,'19/01/2021',1174),
 ('ARM',8,'20/01/2021',1077),
 ('ARM',8,'21/01/2021',995),
 ('ARM',8,'22/01/2021',1013),
 ('ARM',8,'23/01/2021',357),
 ('ARM',8,'24/01/2021',438),
 ('ARM',8,'25/01/2021',1098),
 ('ARM',8,'26/01/2021',1174),
 ('ARM',8,'27/01/2021',861),
 ('ARM',8,'28/01/2021',920),
 ('ARM',8,'29/01/2021',652),
 ('ARM',8,'30/01/2021',240),
 ('ARM',8,'31/01/2021',537),
 ('ARM',8,'01/02/2021',838),
 ('ARM',8,'02/02/2021',702),
 ('ARM',8,'03/02/2021',621),
 ('ARM',8,'04/02/2021',586),
 ('ARM',8,'05/02/2021',485),
 ('ARM',8,'06/02/2021',114),
 ('ARM',8,'07/02/2021',348),
 ('ARM',8,'08/02/2021',582),
 ('ARM',8,'09/02/2021',531),
 ('ARM',8,'10/02/2021',329),


	/*Critère 9*/

 ('ARM',9,'01/01/2021',126224),
 ('ARM',9,'02/01/2021',126709),
 ('ARM',9,'03/01/2021',127522),
 ('ARM',9,'04/01/2021',129085),
 ('ARM',9,'05/01/2021',130870),
 ('ARM',9,'06/01/2021',132346),
 ('ARM',9,'07/01/2021',133594),
 ('ARM',9,'08/01/2021',134768),
 ('ARM',9,'09/01/2021',135124),
 ('ARM',9,'10/01/2021',135967),
 ('ARM',9,'11/01/2021',137231),
 ('ARM',9,'12/01/2021',138508),
 ('ARM',9,'13/01/2021',139692),
 ('ARM',9,'14/01/2021',140959),
 ('ARM',9,'15/01/2021',141937),
 ('ARM',9,'16/01/2021',142344),
 ('ARM',9,'17/01/2021',142928),
 ('ARM',9,'18/01/2021',144066),
 ('ARM',9,'19/01/2021',145240),
 ('ARM',9,'20/01/2021',146317),
 ('ARM',9,'21/01/2021',147312),
 ('ARM',9,'22/01/2021',148325),
 ('ARM',9,'23/01/2021',148682),
 ('ARM',9,'24/01/2021',149120),
 ('ARM',9,'25/01/2021',150218),
 ('ARM',9,'26/01/2021',151392),
 ('ARM',9,'27/01/2021',152253),
 ('ARM',9,'28/01/2021',153173),
 ('ARM',9,'29/01/2021',153825),
 ('ARM',9,'30/01/2021',154065),
 ('ARM',9,'31/01/2021',154602),
 ('ARM',9,'01/02/2021',155440),
 ('ARM',9,'02/02/2021',156142),
 ('ARM',9,'03/02/2021',156763),
 ('ARM',9,'04/02/2021',157349),
 ('ARM',9,'05/02/2021',157834),
 ('ARM',9,'06/02/2021',157948),
 ('ARM',9,'07/02/2021',158296),
 ('ARM',9,'08/02/2021',158878),
 ('ARM',9,'09/02/2021',159409),
 ('ARM',9,'10/02/2021',159738);